feature_block,model,mean_auc,std_auc,fold_aucs,permutation_p,n_features,n_patients
clinical,RandomForest,0.9166666666666667,0.03894149341380031,"[0.8928571428571428, 0.8571428571428572, 0.9583333333333334, 0.9583333333333334, 0.9166666666666667]",0.009900990099009901,105,51
clinical,LASSO,0.8666666666666668,0.09907451557887231,"[0.7857142857142857, 0.7142857142857143, 0.9583333333333334, 0.9583333333333334, 0.9166666666666667]",0.009900990099009901,105,51
clinical,SVM,0.8547619047619047,0.06677287458276268,"[0.9285714285714286, 0.7619047619047619, 0.7916666666666667, 0.9166666666666667, 0.875]",0.009900990099009901,105,51
combined,RandomForest,0.8488095238095237,0.12466508420546087,"[1.0, 0.6190476190476191, 0.875, 0.875, 0.875]",0.009900990099009901,319,51
combined,LASSO,0.8452380952380952,0.12297106198682603,"[0.6785714285714285, 0.7142857142857143, 0.9583333333333334, 0.9583333333333334, 0.9166666666666667]",0.009900990099009901,319,51
combined,SVM,0.7464285714285716,0.11848677414065464,"[0.75, 0.5238095238095238, 0.875, 0.7916666666666667, 0.7916666666666667]",0.0297029702970297,319,51
radiomics,RandomForest,0.7892857142857143,0.15419309389230645,"[0.9642857142857143, 0.5238095238095238, 0.75, 0.7916666666666666, 0.9166666666666667]",0.009900990099009901,214,51
radiomics,LASSO,0.7833333333333334,0.12294800995513283,"[0.9285714285714286, 0.5714285714285714, 0.7916666666666667, 0.875, 0.75]",0.009900990099009901,214,51
radiomics,SVM,0.6654761904761906,0.15555656786194746,"[0.6071428571428571, 0.4285714285714286, 0.7916666666666667, 0.625, 0.875]",0.0594059405940594,214,51
